{
  "project_info": {
    "project_number": "353086303084",
    "firebase_url": "https://seg-home-app.firebaseio.com",
    "project_id": "seg-home-app",
    "storage_bucket": "seg-home-app.appspot.com"
  },
  "client": [
    {
      "client_info": {
        "mobilesdk_app_id": "1:353086303084:android:acc9cf4c5a0e6fbe",
        "android_client_info": {
          "package_name": "com.example.gaba.intelligence_homeapp"
        }
      },
      "oauth_client": [
        {
          "client_id": "353086303084-hmtata6utigagktudg9fq84q97t06mml.apps.googleusercontent.com",
          "client_type": 1,
          "android_info": {
            "package_name": "com.example.gaba.intelligence_homeapp",
            "certificate_hash": "269800cb9f91b14ca6b45be15d7d3908108d6fd1"
          }
        },
        {
          "client_id": "353086303084-psh3jfvt1211juuvjaemf1lelgg0a49t.apps.googleusercontent.com",
          "client_type": 1,
          "android_info": {
            "package_name": "com.example.gaba.intelligence_homeapp",
            "certificate_hash": "f722f06870871d44d06acb049cdec600b73cbc49"
          }
        },
        {
          "client_id": "353086303084-ig0n1ed2cfcjkslu8o78ghaltr5jd0f2.apps.googleusercontent.com",
          "client_type": 1,
          "android_info": {
            "package_name": "com.example.gaba.intelligence_homeapp",
            "certificate_hash": "35b54336e539d24733514efdfc0479f13a665461"
          }
        },
        {
          "client_id": "353086303084-ladc1ns8og7eoh2cjo7v64m4v64tqir1.apps.googleusercontent.com",
          "client_type": 3
        }
      ],
      "api_key": [
        {
          "current_key": "AIzaSyCS3bll3X5-jHweJAU7JKwrLUw8wIEooPg"
        }
      ],
      "services": {
        "analytics_service": {
          "status": 1
        },
        "appinvite_service": {
          "status": 2,
          "other_platform_oauth_client": [
            {
              "client_id": "353086303084-ladc1ns8og7eoh2cjo7v64m4v64tqir1.apps.googleusercontent.com",
              "client_type": 3
            }
          ]
        },
        "ads_service": {
          "status": 2
        }
      }
    }
  ],
  "configuration_version": "1"
}